# Krok po kroku prints some new words with their conjugation, their aspect partner or
# in the gender the dialogue happens to use. This maps the printed form back to the
# corpus headword, so the lesson still links to a real vocabulary entry.
#
# Columns: printed form (as extract_krok.py reads it) <TAB> corpus headword(s), comma separated
# An empty second column drops the entry: it is a grammar note, not a word to learn.
spać (śpię, śpisz)	spać
zamawiać/zamówić	zamawiać
zabór/zabory	zabór
ciuch/-y	ciuch
wyglądać ładnie/brzydko	wyglądać
pozwolić (sobie) na	pozwolić na
zaczynać się ≠ kończyć się	zaczynać się,kończyć się
zależeć od + dopełniacz	zależeć od
obchodzić urodziny / imieniny	obchodzić urodziny
co słychać? wszystko w porządku	co słychać,wszystko w porządku
jeśli chodzi o …	jeśli chodzi o
upadł komunizm	komunizm
marudna	marudny
stuprocentowe	stuprocentowy
międzywojenne	międzywojenny
jestem	być
jak się pan / pani nazywa?	jak się pan nazywa?, jak się pani nazywa?
zero … dziesięć	zero, jeden, dwa, trzy, cztery, pięć, sześć, siedem, osiem, dziewięć, dziesięć
gdzie jest…?	gdzie
tu / tutaj · tam	tutaj, tam
na lewo · na prawo	na lewo, na prawo
co to znaczy?	co to znaczy
jak się mówi po polsku…?	jak się mówi po polsku?
proszę przeliterować / przeczytać / napisać	przeliterować, przeczytać, napisać
imię · nazwisko · adres · numer telefonu	imię, nazwisko, adres, numer telefonu
do widzenia · do jutra · na razie · pa	do widzenia, do jutra, na razie
dobry wieczór · dobranoc	dobry wieczór, dobranoc
na zdrowie!	na zdrowie
skąd jesteś? / skąd pan(i) jest?	skąd jesteś, skąd pan jest, skąd pani jest
gdzie mieszkasz? / gdzie pan(i) mieszka?	gdzie mieszkasz, gdzie pan mieszka, gdzie pani mieszka
jestem z Polski / z Anglii / z Niemiec	jestem z Polski
mieszkam w Krakowie / w Londynie	mieszkam w Krakowie
co słychać? co u ciebie? co nowego?	co słychać, co u ciebie, co nowego
wszystko dobrze / w porządku / świetnie	wszystko dobrze, wszystko w porządku, świetnie
nic nowego · po staremu	nic nowego, po staremu
być: jestem, jesteś, jest, jesteśmy, jesteście, są	być
on, ona, ono, oni, one	ona, ono, oni, one
pan, pani, panowie, panie, państwo	pan, pani, państwo
mieszkać, mieć, nazywać się, rozumieć, grać, czytać	mieszkać, mieć, nazywać się, rozumieć, grać, czytać
jedenaście … dwadzieścia dziewięć	jedenaście, dwanaście, trzynaście, czternaście, piętnaście, szesnaście, siedemnaście, osiemnaście, dziewiętnaście, dwadzieścia
ulica, aleja, plac, dworzec	ulica, aleja, plac, dworzec
dlaczego? · żeby · bo	dlaczego, żeby
uczyć się polskiego · studiować · pracować	uczyć się polskiego, studiować, pracować
mój chłopak · moja dziewczyna · mąż · żona · syn · córka	mój chłopak, moja dziewczyna, mąż, żona, syn, córka
kolega · koleżanka	kolega, koleżanka
świetnie · dobrze · tak sobie · źle · fatalnie	świetnie, dobrze, tak sobie, źle, fatalnie
Kto to jest? · Co to jest?	kto to jest, co to jest
Czy to jest…? · Tak, to jest… · Nie, to nie jest	czy to jest
Nie pamiętam.	nie pamiętam
książka, zeszyt, długopis, ołówek, gumka	książka, zeszyt, długopis, ołówek, gumka
tablica, krzesło, stół, okno, klucz	tablica, krzesło, stół, okno, klucz
kubek, komórka, płyta CD, torba, mapa, słownik	kubek, komórka, płyta, torba, mapa, słownik
ten / ta / to	ten
jaki? / jaka? / jakie?	jaki
nowy ↔ stary · duży ↔ mały · dobry ↔ zły	nowy, stary, duży, mały, dobry, zły
miły, sympatyczny, fajny, modny	miły, sympatyczny, fajny, modny
czerwony, niebieski, zielony, żółty, czarny, biały	czerwony, niebieski, zielony, żółty, czarny, biały
szary, brązowy, różowy, fioletowy, pomarańczowy	szary, brązowy, różowy, fioletowy, pomarańczowy
rodzaj męski / żeński / nijaki	rodzaj
