# Present forms written by hand: everyday verbs SGJP and PoliMorf do not list yet, and powinien, which they tag as a modal (winien) rather than a verb.
# Columns: infinitive <TAB> aspect <TAB> ja <TAB> ty <TAB> on/ona/ono <TAB> my <TAB> wy <TAB> oni/one
SMS-ować	imperfective	SMS-uję	SMS-ujesz	SMS-uje	SMS-ujemy	SMS-ujecie	SMS-ują
googlować	imperfective	googluję	googlujesz	googluje	googlujemy	googlujecie	googlują
wygooglować	perfective	wygoogluję	wygooglujesz	wygoogluje	wygooglujemy	wygooglujecie	wygooglują
hardkodować	imperfective	hardkoduję	hardkodujesz	hardkoduje	hardkodujemy	hardkodujecie	hardkodują
interagować	imperfective	interaguję	interagujesz	interaguje	interagujemy	interagujecie	interagują
perfekcjonować	imperfective	perfekcjonuję	perfekcjonujesz	perfekcjonuje	perfekcjonujemy	perfekcjonujecie	perfekcjonują
saunować	imperfective	saunuję	saunujesz	saunuje	saunujemy	saunujecie	saunują
powinien		powinienem; powinnam	powinieneś; powinnaś	powinien; powinna; powinno	powinniśmy; powinnyśmy	powinniście; powinnyście	powinni; powinny
